{
  "players": {
    "claude-haiku-4.5": {
      "ci95_high": 1398.62,
      "ci95_low": 1279.59,
      "games": 299,
      "rating": 1339.11,
      "rd": 29.76,
      "vol": 0.06006
    },
    "claude-opus-4.7-high": {
      "ci95_high": 1546.69,
      "ci95_low": 1437.36,
      "games": 299,
      "rating": 1492.02,
      "rd": 27.33,
      "vol": 0.05997
    },
    "claude-opus-4.7@default-effort": {
      "ci95_high": 1950.59,
      "ci95_low": 1778.29,
      "games": 91,
      "rating": 1864.44,
      "rd": 43.07,
      "vol": 0.06
    },
    "claude-sonnet-4.6": {
      "ci95_high": 1670.05,
      "ci95_low": 1557.27,
      "games": 299,
      "rating": 1613.66,
      "rd": 28.2,
      "vol": 0.06002
    },
    "gpt-5.2": {
      "ci95_high": 1525.0,
      "ci95_low": 1397.33,
      "games": 157,
      "rating": 1461.16,
      "rd": 31.92,
      "vol": 0.06014
    },
    "gpt-5.4": {
      "ci95_high": 1636.52,
      "ci95_low": 1520.54,
      "games": 229,
      "rating": 1578.53,
      "rd": 29.0,
      "vol": 0.06009
    },
    "gpt-5.4-mini": {
      "ci95_high": 1420.17,
      "ci95_low": 1285.56,
      "games": 157,
      "rating": 1352.87,
      "rd": 33.65,
      "vol": 0.06031
    },
    "gpt-5.4@long": {
      "ci95_high": 1583.39,
      "ci95_low": 1455.66,
      "games": 157,
      "rating": 1519.53,
      "rd": 31.93,
      "vol": 0.0599
    }
  },
  "rating_system": "glicko-2",
  "scale": "display (1500-centered)"
}
