{
  "players": {
    "claude-haiku-4.5": {
      "ci95_high": 1434.8,
      "ci95_low": 1305.13,
      "games": 222,
      "rating": 1369.96,
      "rd": 32.42,
      "vol": 0.0599
    },
    "claude-opus-4.7-high": {
      "ci95_high": 1590.73,
      "ci95_low": 1466.36,
      "games": 222,
      "rating": 1528.54,
      "rd": 31.09,
      "vol": 0.05988
    },
    "claude-sonnet-4.6": {
      "ci95_high": 1627.31,
      "ci95_low": 1501.23,
      "games": 222,
      "rating": 1564.27,
      "rd": 31.52,
      "vol": 0.05989
    },
    "gpt-5.4": {
      "ci95_high": 1641.42,
      "ci95_low": 1498.18,
      "games": 108,
      "rating": 1569.8,
      "rd": 35.81,
      "vol": 0.05997
    }
  },
  "rating_system": "glicko-2",
  "scale": "display (1500-centered)"
}
