{
  "players": {
    "claude-haiku-4.5": {
      "ci95_high": 1444.64,
      "ci95_low": 1353.42,
      "games": 458,
      "rating": 1399.03,
      "rd": 22.8,
      "vol": 0.06001
    },
    "claude-opus-4.7-high": {
      "ci95_high": 1542.3,
      "ci95_low": 1453.72,
      "games": 458,
      "rating": 1498.01,
      "rd": 22.15,
      "vol": 0.05971
    },
    "claude-opus-4.7@default-effort": {
      "ci95_high": 1741.69,
      "ci95_low": 1598.6,
      "games": 140,
      "rating": 1670.14,
      "rd": 35.77,
      "vol": 0.06072
    },
    "claude-sonnet-4.6": {
      "ci95_high": 1616.82,
      "ci95_low": 1527.01,
      "games": 458,
      "rating": 1571.92,
      "rd": 22.45,
      "vol": 0.05969
    },
    "gpt-5.2": {
      "ci95_high": 1524.84,
      "ci95_low": 1420.54,
      "games": 236,
      "rating": 1472.69,
      "rd": 26.07,
      "vol": 0.05982
    },
    "gpt-5.4": {
      "ci95_high": 1585.08,
      "ci95_low": 1491.68,
      "games": 344,
      "rating": 1538.38,
      "rd": 23.35,
      "vol": 0.05974
    },
    "gpt-5.4-mini": {
      "ci95_high": 1496.61,
      "ci95_low": 1390.06,
      "games": 236,
      "rating": 1443.34,
      "rd": 26.64,
      "vol": 0.06081
    },
    "gpt-5.4@long": {
      "ci95_high": 1519.65,
      "ci95_low": 1414.73,
      "games": 236,
      "rating": 1467.19,
      "rd": 26.23,
      "vol": 0.06007
    }
  },
  "rating_system": "glicko-2",
  "scale": "display (1500-centered)"
}
